Title,Company,Link
Research Advocate and Support Engineer,"New
Research Advocate and Support Engineer
		    Redivis, Inc.",https://www.python.org/jobs/8074/
Senior Python Core Engineer,"New
Senior Python Core Engineer
		    Chime",https://www.python.org/jobs/8073/
Senior Python Engineer,"New
Senior Python Engineer
		    Fulfil",https://www.python.org/jobs/8070/
Software Engineer - Python,"New
Software Engineer - Python
		    RouteOne",https://www.python.org/jobs/8068/
"Python Research Software Consultant (Competitive Pay, Short-Term, Remote)","New
Python Research Software Consultant (Competitive Pay, Short-Term, Remote)
		    Texas Southern University",https://www.python.org/jobs/8067/
Machine Learning Engineer,"New
Machine Learning Engineer
		    Rebel Space Technologies",https://www.python.org/jobs/8065/
Software Engineer (Python/Data),"New
Software Engineer (Python/Data)
		    Nava PBC",https://www.python.org/jobs/8062/
"DevOps Engineer-FULLY REMOTE-US, CANADA, EUROPE based only","New
DevOps Engineer-FULLY REMOTE-US, CANADA, EUROPE based only
		    ActivePrime, Inc.",https://www.python.org/jobs/8061/
Senior Back-End Python Engineer - FULLY REMOTE-WORLDWIDE,"New
Senior Back-End Python Engineer - FULLY REMOTE-WORLDWIDE
		    ActivePrime, Inc.",https://www.python.org/jobs/8059/
Senior Python Developer - full stack,"Senior Python Developer - full stack
		    Trusted Carrier Logistik GmbH",https://www.python.org/jobs/8057/
Senior Research Software Engineer (Multiphoton Microscopy),"Senior Research Software Engineer (Multiphoton Microscopy)
		    Sainsbury Wellcome Centre",https://www.python.org/jobs/8056/
Senior Research Software Engineer (Neural and Behavioural Data),"Senior Research Software Engineer (Neural and Behavioural Data)
		    Sainsbury Wellcome Centre",https://www.python.org/jobs/8055/
Python Software Engineer,"Python Software Engineer
		    HypothesisBase",https://www.python.org/jobs/8054/
Python Developer - Remote,"Python Developer - Remote
		    DivIHN Integration Inc",https://www.python.org/jobs/8052/
Senior Python Developer,"Senior Python Developer
		    Six Feet Up",https://www.python.org/jobs/8050/
Senior Python Developer/DevOps Engineer,"Senior Python Developer/DevOps Engineer
		    Six Feet Up",https://www.python.org/jobs/8049/
Python Tech Lead,"Python Tech Lead
		    TramCase",https://www.python.org/jobs/8047/
Infrastructure Engineer,"Infrastructure Engineer
		    Python Software Foundation",https://www.python.org/jobs/8044/
Senior Python Engineer (backend focused),"Senior Python Engineer (backend focused)
		    World Parts Direct",https://www.python.org/jobs/8041/
"DevOps Engineer-FULLY REMOTE-US, CANADA, EUROPE only","DevOps Engineer-FULLY REMOTE-US, CANADA, EUROPE only
		    ActivePrime, Inc.",https://www.python.org/jobs/8040/
Senior Full-Stack Engineer (remote),"Senior Full-Stack Engineer (remote)
		    AIDAR",https://www.python.org/jobs/8033/
Junior Software Engineer,"Junior Software Engineer
		    Mechanize",https://www.python.org/jobs/8032/
